{
  "id": "trae-awakens-flow-v1",
  "name": "Trae Awakens Flow",
  "version": "1.0.0",
  "description": "Telegram WebApp XP Logic for Neuropul AI – Generate PDF, reward XP, and engage user.",
  "author": "Neuropul AI Core",
  "type": "telegram-webapp-flow",
  "variables": {
    "initData": {
      "type": "string",
      "description": "Telegram WebApp initData for user validation",
      "required": true
    },
    "userId": {
      "type": "string",
      "description": "Telegram user ID extracted from initData",
      "required": true
    },
    "userXP": {
      "type": "number",
      "description": "Current user XP level",
      "default": 0
    },
    "pdfUrl": {
      "type": "string",
      "description": "Generated PDF download URL",
      "required": false
    },
    "questStep": {
      "type": "number",
      "description": "Current quest progression step",
      "default": 0
    }
  },
  "nodes": [
    {
      "id": "start-node-001",
      "type": "start",
      "name": "Flow Start",
      "description": "Entry point for Trae Awakens flow",
      "position": { "x": 100, "y": 100 },
      "properties": {
        "trigger": "webapp-load",
        "autoStart": true
      },
      "outputs": ["connection-001"]
    },
    {
      "id": "initdata-check-002",
      "type": "condition",
      "name": "InitData Validation",
      "description": "Validate Telegram WebApp initData and extract user info",
      "position": { "x": 300, "y": 100 },
      "properties": {
        "condition": "{{initData}} && {{initData}}.length >= 100",
        "validation": {
          "checkTelegramWebApp": true,
          "extractUserId": true,
          "minLength": 100
        }
      },
      "inputs": ["connection-001"],
      "outputs": ["connection-002", "connection-error-001"]
    },
    {
      "id": "error-fallback-003",
      "type": "message",
      "name": "Error Fallback",
      "description": "Display error message for invalid initData",
      "position": { "x": 300, "y": 300 },
      "properties": {
        "message": "⚠️ Telegram WebApp validation failed. Please restart the app through Telegram.",
        "type": "error",
        "showRetry": true
      },
      "inputs": ["connection-error-001"],
      "outputs": ["connection-003"]
    },
    {
      "id": "sync-progress-004",
      "type": "api-call",
      "name": "Sync User Progress",
      "description": "Call /api/sync-progress to get user data and XP",
      "position": { "x": 500, "y": 100 },
      "properties": {
        "method": "POST",
        "url": "/api/sync-progress",
        "headers": {
          "Content-Type": "application/json"
        },
        "body": {
          "initData": "{{initData}}",
          "userId": "{{userId}}"
        },
        "responseMapping": {
          "userXP": "response.xp",
          "questStep": "response.quest_step",
          "userLevel": "response.level"
        }
      },
      "inputs": ["connection-002"],
      "outputs": ["connection-004", "connection-error-002"]
    },
    {
      "id": "api-error-005",
      "type": "message",
      "name": "API Error Handler",
      "description": "Handle API sync errors",
      "position": { "x": 500, "y": 300 },
      "properties": {
        "message": "🔄 Sync failed. Retrying connection...",
        "type": "warning",
        "autoRetry": true,
        "retryDelay": 2000
      },
      "inputs": ["connection-error-002"],
      "outputs": ["connection-005"]
    },
    {
      "id": "xp-check-006",
      "type": "condition",
      "name": "XP Level Check",
      "description": "Check if user has sufficient XP for PDF generation",
      "position": { "x": 700, "y": 100 },
      "properties": {
        "condition": "{{userXP}} >= 50",
        "branches": {
          "high-xp": "{{userXP}} >= 100",
          "medium-xp": "{{userXP}} >= 50",
          "low-xp": "{{userXP}} < 50"
        }
      },
      "inputs": ["connection-004"],
      "outputs": ["connection-006", "connection-007", "connection-008"]
    },
    {
      "id": "pdf-generate-007",
      "type": "api-call",
      "name": "Generate PDF",
      "description": "Generate personalized PDF based on user XP and progress",
      "position": { "x": 900, "y": 50 },
      "properties": {
        "method": "POST",
        "url": "/api/pdf",
        "headers": {
          "Content-Type": "application/json"
        },
        "body": {
          "userId": "{{userId}}",
          "xp": "{{userXP}}",
          "questStep": "{{questStep}}",
          "template": "awakening-report"
        },
        "responseMapping": {
          "pdfUrl": "response.downloadUrl",
          "pdfId": "response.pdfId"
        }
      },
      "inputs": ["connection-006"],
      "outputs": ["connection-009"]
    },
    {
      "id": "xp-reward-008",
      "type": "action",
      "name": "Award XP",
      "description": "Award XP points for completing the flow",
      "position": { "x": 900, "y": 150 },
      "properties": {
        "action": "award-xp",
        "amount": 25,
        "reason": "Completed Trae Awakens flow",
        "updateUser": true
      },
      "inputs": ["connection-007"],
      "outputs": ["connection-010"]
    },
    {
      "id": "low-xp-message-009",
      "type": "message",
      "name": "Insufficient XP",
      "description": "Message for users with low XP",
      "position": { "x": 900, "y": 250 },
      "properties": {
        "message": "🎯 Complete more quests to unlock PDF generation! Current XP: {{userXP}}",
        "type": "info",
        "showProgress": true
      },
      "inputs": ["connection-008"],
      "outputs": ["connection-011"]
    },
    {
      "id": "pdf-delivery-010",
      "type": "message",
      "name": "PDF Ready",
      "description": "Deliver PDF to user with download link",
      "position": { "x": 1100, "y": 100 },
      "properties": {
        "message": "🎉 Your Awakening Report is ready!",
        "attachments": [
          {
            "type": "file",
            "url": "{{pdfUrl}}",
            "name": "Trae_Awakening_Report.pdf"
          }
        ],
        "buttons": [
          {
            "text": "📥 Download PDF",
            "action": "download",
            "url": "{{pdfUrl}}"
          }
        ]
      },
      "inputs": ["connection-009"],
      "outputs": ["connection-012"]
    },
    {
      "id": "cta-portal-011",
      "type": "message",
      "name": "Portal CTA",
      "description": "Call-to-action for portal navigation",
      "position": { "x": 1100, "y": 200 },
      "properties": {
        "message": "🚀 Ready to enter the Portal?",
        "buttons": [
          {
            "text": "🌀 Enter Portal",
            "action": "navigate",
            "url": "/portal"
          },
          {
            "text": "📊 View Dashboard",
            "action": "navigate",
            "url": "/dashboard"
          }
        ]
      },
      "inputs": ["connection-010", "connection-011", "connection-012"],
      "outputs": ["connection-013"]
    },
    {
      "id": "final-screen-012",
      "type": "end",
      "name": "Flow Complete",
      "description": "Final screen with completion status",
      "position": { "x": 1300, "y": 150 },
      "properties": {
        "message": "✨ Trae Awakens flow completed successfully!",
        "analytics": {
          "event": "flow-completed",
          "userId": "{{userId}}",
          "xp": "{{userXP}}",
          "pdfGenerated": "{{pdfUrl ? true : false}}"
        }
      },
      "inputs": ["connection-013"]
    }
  ],
  "connections": [
    {
      "id": "connection-001",
      "from": "start-node-001",
      "to": "initdata-check-002",
      "type": "default"
    },
    {
      "id": "connection-002",
      "from": "initdata-check-002",
      "to": "sync-progress-004",
      "type": "success",
      "condition": "valid-initdata"
    },
    {
      "id": "connection-error-001",
      "from": "initdata-check-002",
      "to": "error-fallback-003",
      "type": "error",
      "condition": "invalid-initdata"
    },
    {
      "id": "connection-003",
      "from": "error-fallback-003",
      "to": "final-screen-012",
      "type": "default"
    },
    {
      "id": "connection-004",
      "from": "sync-progress-004",
      "to": "xp-check-006",
      "type": "success"
    },
    {
      "id": "connection-error-002",
      "from": "sync-progress-004",
      "to": "api-error-005",
      "type": "error"
    },
    {
      "id": "connection-005",
      "from": "api-error-005",
      "to": "sync-progress-004",
      "type": "retry"
    },
    {
      "id": "connection-006",
      "from": "xp-check-006",
      "to": "pdf-generate-007",
      "type": "conditional",
      "condition": "high-xp"
    },
    {
      "id": "connection-007",
      "from": "xp-check-006",
      "to": "xp-reward-008",
      "type": "conditional",
      "condition": "medium-xp"
    },
    {
      "id": "connection-008",
      "from": "xp-check-006",
      "to": "low-xp-message-009",
      "type": "conditional",
      "condition": "low-xp"
    },
    {
      "id": "connection-009",
      "from": "pdf-generate-007",
      "to": "pdf-delivery-010",
      "type": "success"
    },
    {
      "id": "connection-010",
      "from": "xp-reward-008",
      "to": "cta-portal-011",
      "type": "default"
    },
    {
      "id": "connection-011",
      "from": "low-xp-message-009",
      "to": "cta-portal-011",
      "type": "default"
    },
    {
      "id": "connection-012",
      "from": "pdf-delivery-010",
      "to": "cta-portal-011",
      "type": "default"
    },
    {
      "id": "connection-013",
      "from": "cta-portal-011",
      "to": "final-screen-012",
      "type": "default"
    }
  ],
  "settings": {
    "timeout": 30000,
    "retryAttempts": 3,
    "errorHandling": "graceful",
    "analytics": true,
    "debugMode": false
  },
  "metadata": {
    "created": "2025-01-16T15:30:00Z",
    "lastModified": "2025-01-16T15:30:00Z",
    "tags": ["telegram", "webapp", "xp", "pdf", "neuropul", "ai"],
    "category": "telegram-automation",
    "complexity": "advanced"
  }
}